﻿<?xml version="1.0" encoding="utf-8" ?>
<student>
  <studentinfo>
    <name>Sunny Khurana</name>
    <course>Master of Compter Application</course>
    <collegename>Jagan Institute Of Management Studies</collegename>
  </studentinfo>

  <studentinfo>
    <name>Sunny Goel</name>
    <course>Master of Compter Application</course>
    <collegename>Jagan Institute Of Management Studies</collegename>
  </studentinfo>


  <studentinfo>
    <name>Aakash Mishra</name>
    <course>Master of Compter Application</course>
    <collegename>Jagan Institute Of Management Studies</collegename>
  </studentinfo>
  
  
</student>